,dn,yard,a,n_yard,p
0,1,0,0,0,0.26068258057461413
1,1,0,0,1,0.10345624478468962
2,1,0,0,2,0.11512994270478155
3,1,0,0,3,0.11722822428016927
4,1,0,0,4,0.10921640350192952
5,1,0,0,5,0.09310150627853875
6,1,0,0,6,0.07261773743067634
7,1,0,0,7,0.051826857334362986
8,1,0,0,8,0.03384642215947575
9,1,0,0,9,0.02022833664851109
10,1,0,0,10,0.02266574430225099
11,1,0,1,0,0.3205663966117693
12,1,0,1,1,0.0887466295352603
13,1,0,1,2,0.09402016442882677
14,1,0,1,3,0.09402861382805605
15,1,0,1,4,0.08877053457331541
16,1,0,1,5,0.07911309378730191
17,1,0,1,6,0.06655810831348452
18,1,0,1,7,0.052860484435472976
19,1,0,1,8,0.039632106108232645
20,1,0,1,9,0.028052031913277653
21,1,0,1,10,0.047651836465002484
22,1,0,2,0,0.2672047932784354
23,1,0,2,1,0.06131600631322237
24,1,0,2,2,0.06667254983732096
25,1,0,2,3,0.07014818393108418
26,1,0,2,4,0.0714136134071146
27,1,0,2,5,0.07034616482249967
28,1,0,2,6,0.0670493911923088
29,1,0,2,7,0.061836507723985856
30,1,0,2,8,0.055181328278684716
31,1,0,2,9,0.04764734715157504
32,1,0,2,10,0.16118411406376842
33,1,0,3,0,0.23605180878553583
34,1,0,3,1,0.039738112264612824
35,1,0,3,2,0.043062571043546494
36,1,0,3,3,0.04589878735686587
37,1,0,3,4,0.0481182448786468
38,1,0,3,5,0.04961635043806806
39,1,0,3,6,0.050320598503352576
40,1,0,3,7,0.05019638692719608
41,1,0,3,8,0.04924983446721798
42,1,0,3,9,0.047527280643201886
43,1,0,3,10,0.3402200246917556
44,1,0,4,0,0.24689680642787853
45,1,0,4,1,0.02713555630692488
46,1,0,4,2,0.028733114427055728
47,1,0,4,3,0.03018577533269784
48,1,0,4,4,0.03146274767098195
49,1,0,4,5,0.03253605304281593
50,1,0,4,6,0.03338154261543552
51,1,0,4,7,0.0339797994152799
52,1,0,4,8,0.03431687926948407
53,1,0,4,9,0.03438485092641791
54,1,0,4,10,0.46698687456502774
55,1,1,0,0,0.0
56,1,1,0,1,0.2819949800180757
57,1,1,0,2,0.10864875305844168
58,1,1,0,3,0.11856964617802929
59,1,1,0,4,0.1180358638797191
60,1,1,0,5,0.10718797150652126
61,1,1,0,6,0.08879157065367815
62,1,1,0,7,0.06709594832723964
63,1,1,0,8,0.04625209996851942
64,1,1,0,9,0.029087293786824064
65,1,1,0,10,0.03433587262295168
66,1,1,1,0,0.0
67,1,1,1,1,0.3480729647076946
68,1,1,1,2,0.09121718628110886
69,1,1,1,3,0.09487320902368995
70,1,1,1,4,0.09311975280627516
71,1,1,1,5,0.08625247423244486
72,1,1,1,6,0.07539354961701294
73,1,1,1,7,0.062191730165365944
74,1,1,1,8,0.04841416383724406
75,1,1,1,9,0.03556835328728236
76,1,1,1,10,0.06489661604188124
77,1,1,2,0,0.0
78,1,1,2,1,0.2829099553700586
79,1,1,2,2,0.06215431447028125
80,1,1,2,3,0.06697162042866878
81,1,1,2,4,0.06987342622722542
82,1,1,2,5,0.07058853675446186
83,1,1,2,6,0.06904893460863593
84,1,1,2,7,0.06540044649186305
85,1,1,2,8,0.0599799632703899
86,1,1,2,9,0.05326414345313313
87,1,1,2,10,0.1998086589252821
88,1,1,3,0,0.0
89,1,1,3,1,0.24694549220184128
90,1,1,3,2,0.039750396302314556
91,1,1,3,3,0.04283162766232851
92,1,1,3,4,0.04542466262934852
93,1,1,3,5,0.04741565198998848
94,1,1,3,6,0.048714006959699796
95,1,1,3,7,0.049259229230051216
96,1,1,3,8,0.0490255840139302
97,1,1,3,9,0.04802411340320234
98,1,1,3,10,0.3826092356072951
99,1,1,4,0,0.0
100,1,1,4,1,0.25761038168522327
101,1,1,4,2,0.027055550222905123
102,1,1,4,3,0.028540516060927
103,1,1,4,4,0.029880182830892665
104,1,1,4,5,0.031047004747758566
105,1,1,4,6,0.03201624896831423
106,1,1,4,7,0.03276686553514602
107,1,1,4,8,0.03328224679114544
108,1,1,4,9,0.03355083803079534
109,1,1,4,10,0.49425016512689235
110,1,2,0,0,0.0
111,1,2,0,1,0.0
112,1,2,0,2,0.31233589672549206
113,1,2,0,3,0.11448935713593283
114,1,2,0,4,0.12155367819125185
115,1,2,0,5,0.11736457318180538
116,1,2,0,6,0.10305580031383876
117,1,2,0,7,0.0822957369599101
118,1,2,0,8,0.05976665695310113
119,1,2,0,9,0.03947604283753203
120,1,2,0,10,0.04966225770113586
121,1,2,1,0,0.0
122,1,2,1,1,0.0
123,1,2,1,2,0.38088664817716633
124,1,2,1,3,0.09334066842910776
125,1,2,1,4,0.09503113771286403
126,1,2,1,5,0.09128470896206231
127,1,2,1,6,0.08273091710765346
128,1,2,1,7,0.0707419794097569
129,1,2,1,8,0.05707289306376839
130,1,2,1,9,0.04344430286232481
131,1,2,1,10,0.08546674427529599
132,1,2,2,0,0.0
133,1,2,2,1,0.0
134,1,2,2,2,0.2999056060245809
135,1,2,2,3,0.06292959898555789
136,1,2,2,4,0.06717577099239619
137,1,2,2,5,0.06948202372647522
138,1,2,2,6,0.0696359838993672
139,1,2,2,7,0.06762329213889717
140,1,2,2,8,0.06362980992087297
141,1,2,2,9,0.058013306523038266
142,1,2,2,10,0.2416046077888142
143,1,2,3,0,0.0
144,1,2,3,1,0.0
145,1,2,3,2,0.25686398176443975
146,1,2,3,3,0.039746406415326785
147,1,2,3,4,0.04262407507110161
148,1,2,3,5,0.045014495838253954
149,1,2,3,6,0.04681543448074371
150,1,2,3,7,0.04794730918947099
151,1,2,3,8,0.04835901967785605
152,1,2,3,9,0.04803177216643295
153,1,2,3,10,0.4245975053963742
154,1,2,4,0,0.0
155,1,2,4,1,0.0
156,1,2,4,2,0.26517312961742484
157,1,2,4,3,0.02705180358245074
158,1,2,4,4,0.02847485190377802
159,1,2,4,5,0.02975129562048756
160,1,2,4,6,0.030855207936519635
161,1,2,4,7,0.031763510221086144
162,1,2,4,8,0.03245677289114596
163,1,2,4,9,0.032919905920649084
164,1,2,4,10,0.521553522306458
165,1,3,0,0,0.0
166,1,3,0,1,0.0
167,1,3,0,2,0.0
168,1,3,0,3,0.353744295751507
169,1,3,0,4,0.12035687177191778
170,1,3,0,5,0.12317774507858792
171,1,3,0,6,0.11429531105979474
172,1,3,0,7,0.09615256026754937
173,1,3,0,8,0.07333885394336959
174,1,3,0,9,0.05071761973463551
175,1,3,0,10,0.06821674239263809
176,1,3,1,0,0.0
177,1,3,1,1,0.0
178,1,3,1,2,0.0
179,1,3,1,3,0.4173624279856913
180,1,3,1,4,0.09482668674077693
181,1,3,1,5,0.09433630999725784
182,1,3,1,6,0.08852661052482402
183,1,3,1,7,0.07836398270997325
184,1,3,1,8,0.06543489224969612
185,1,3,1,9,0.051541533251211025
186,1,3,1,10,0.10960755654056953
187,1,3,2,0,0.0
188,1,3,2,1,0.0
189,1,3,2,2,0.0
190,1,3,2,3,0.3155744210734427
191,1,3,2,4,0.06355704977542576
192,1,3,2,5,0.06729291722498898
193,1,3,2,6,0.06907387990771685
194,1,3,2,7,0.06873796833128665
195,1,3,2,8,0.06631593039561678
196,1,3,2,9,0.06202658618632961
197,1,3,2,10,0.2874212471051927
198,1,3,3,0,0.0
199,1,3,3,1,0.0
200,1,3,3,2,0.0
201,1,3,3,3,0.26351653486016713
202,1,3,3,4,0.039743859412645466
203,1,3,3,5,0.04250222332178494
204,1,3,3,6,0.04477334084562057
205,1,3,3,7,0.046461423017732484
206,1,3,3,8,0.04749303582363851
207,1,3,3,9,0.047822396076404095
208,1,3,3,10,0.4676871866420068
209,1,3,4,0,0.0
210,1,3,4,1,0.0
211,1,3,4,2,0.0
212,1,3,4,3,0.2692041417425918
213,1,3,4,4,0.027289484425024157
214,1,3,4,5,0.028715470289578382
215,1,3,4,6,0.029989486897989526
216,1,3,4,7,0.031085192353308255
217,1,3,4,8,0.031979278548147805
218,1,3,4,9,0.03265229423904498
219,1,3,4,10,0.5490846515043151
220,1,4,0,0,0.0
221,1,4,0,1,0.0
222,1,4,0,2,0.0
223,1,4,0,3,0.0
224,1,4,0,4,0.40657938045149195
225,1,4,0,5,0.12509035759247816
226,1,4,0,6,0.12228935959242149
227,1,4,0,7,0.10804709329409878
228,1,4,0,8,0.08627796504699681
229,1,4,0,9,0.062266765569690796
230,1,4,0,10,0.08944907845282202
231,1,4,1,0,0.0
232,1,4,1,1,0.0
233,1,4,1,2,0.0
234,1,4,1,3,0.0
235,1,4,1,4,0.45338459979301743
236,1,4,1,5,0.09561493217015088
237,1,4,1,6,0.09299554813508382
238,1,4,1,7,0.08528411035018757
239,1,4,1,8,0.07374714183745235
240,1,4,1,9,0.06013075740341178
241,1,4,1,10,0.13884291031069618
242,1,4,2,0,0.0
243,1,4,2,1,0.0
244,1,4,2,2,0.0
245,1,4,2,3,0.0
246,1,4,2,4,0.32666322128220576
247,1,4,2,5,0.06409524154651497
248,1,4,2,6,0.06749401061026072
249,1,4,2,7,0.06891651901705598
250,1,4,2,8,0.06823381119402316
251,1,4,2,9,0.06550797817715193
252,1,4,2,10,0.3390892181727875
253,1,4,3,0,0.0
254,1,4,3,1,0.0
255,1,4,3,2,0.0
256,1,4,3,3,0.0
257,1,4,3,4,0.26723175703638763
258,1,4,3,5,0.04001690338818287
259,1,4,3,6,0.042758837407605776
260,1,4,3,7,0.045001413773110344
261,1,4,3,8,0.04664908346030894
262,1,4,3,9,0.04762949466245425
263,1,4,3,10,0.5107125102719502
264,1,4,4,0,0.0
265,1,4,4,1,0.0
266,1,4,4,2,0.0
267,1,4,4,3,0.0
268,1,4,4,4,0.27453670426460236
269,1,4,4,5,0.028152952567116307
270,1,4,4,6,0.029630140869851884
271,1,4,4,7,0.030938142805286117
272,1,4,4,8,0.0320482481199143
273,1,4,4,9,0.03293539919374239
274,1,4,4,10,0.5717584121794866
275,1,5,0,0,0.0
276,1,5,0,1,0.0
277,1,5,0,2,0.0
278,1,5,0,3,0.0
279,1,5,0,4,0.0
280,1,5,0,5,0.4672741279126979
281,1,5,0,6,0.12741940130951107
282,1,5,0,7,0.1182057032236804
283,1,5,0,8,0.09875666663448424
284,1,5,0,9,0.07430609987536929
285,1,5,0,10,0.1140380010442571
286,1,5,1,0,0.0
287,1,5,1,1,0.0
288,1,5,1,2,0.0
289,1,5,1,3,0.0
290,1,5,1,4,0.0
291,1,5,1,5,0.48322580564645584
292,1,5,1,6,0.09615364264765885
293,1,5,1,7,0.0917448877455298
294,1,5,1,8,0.08245987109811037
295,1,5,1,9,0.06981523334258699
296,1,5,1,10,0.17660055951965814
297,1,5,2,0,0.0
298,1,5,2,1,0.0
299,1,5,2,2,0.0
300,1,5,2,3,0.0
301,1,5,2,4,0.0
302,1,5,2,5,0.33393572440675995
303,1,5,2,6,0.06498926805881489
304,1,5,2,7,0.06821579009511691
305,1,5,2,8,0.06939799937763541
306,1,5,2,9,0.06842697446878288
307,1,5,2,10,0.39503424359288997
308,1,5,3,0,0.0
309,1,5,3,1,0.0
310,1,5,3,2,0.0
311,1,5,3,3,0.0
312,1,5,3,4,0.0
313,1,5,3,5,0.27666973440261755
314,1,5,3,6,0.041388284106843753
315,1,5,3,7,0.04412876186950154
316,1,5,3,8,0.04631378939713732
317,1,5,3,9,0.04784558811650297
318,1,5,3,10,0.5436538421073969
319,1,5,4,0,0.0
320,1,5,4,1,0.0
321,1,5,4,2,0.0
322,1,5,4,3,0.0
323,1,5,4,4,0.0
324,1,5,4,5,0.2910543283003142
325,1,5,4,6,0.030089350595010944
326,1,5,4,7,0.03158923017761728
327,1,5,4,8,0.03287893880471138
328,1,5,4,9,0.033927180573901095
329,1,5,4,10,0.5804609715484451
330,1,6,0,0,0.0
331,1,6,0,1,0.0
332,1,6,0,2,0.0
333,1,6,0,3,0.0
334,1,6,0,4,0.0
335,1,6,0,5,0.0
336,1,6,0,6,0.5264016631885495
337,1,6,0,7,0.12716722427694926
338,1,6,0,8,0.11188589187016595
339,1,6,0,9,0.08826462475015828
340,1,6,0,10,0.14628059591417697
341,1,6,1,0,0.0
342,1,6,1,1,0.0
343,1,6,1,2,0.0
344,1,6,1,3,0.0
345,1,6,1,4,0.0
346,1,6,1,5,0.0
347,1,6,1,6,0.5053622891996351
348,1,6,1,7,0.09720481095432931
349,1,6,1,8,0.09131070782634754
350,1,6,1,9,0.08063116500955692
351,1,6,1,10,0.22549102701013113
352,1,6,2,0,0.0
353,1,6,2,1,0.0
354,1,6,2,2,0.0
355,1,6,2,3,0.0
356,1,6,2,4,0.0
357,1,6,2,5,0.0
358,1,6,2,6,0.3517902299442277
359,1,6,2,7,0.06739645409637168
360,1,6,2,8,0.07016040294555637
361,1,6,2,9,0.07069446280828756
362,1,6,2,10,0.4399584502055567
363,1,6,3,0,0.0
364,1,6,3,1,0.0
365,1,6,3,2,0.0
366,1,6,3,3,0.0
367,1,6,3,4,0.0
368,1,6,3,5,0.0
369,1,6,3,6,0.3102666157746061
370,1,6,3,7,0.044944417940358805
371,1,6,3,8,0.04739139043607554
372,1,6,3,9,0.04913590832640141
373,1,6,3,10,0.5482616675225581
374,1,6,4,0,0.0
375,1,6,4,1,0.0
376,1,6,4,2,0.0
377,1,6,4,3,0.0
378,1,6,4,4,0.0
379,1,6,4,5,0.0
380,1,6,4,6,0.32386389743376975
381,1,6,4,7,0.03282383987337506
382,1,6,4,8,0.03420073526391787
383,1,6,4,9,0.03530361182325459
384,1,6,4,10,0.5738079156056828
385,1,7,0,0,0.0
386,1,7,0,1,0.0
387,1,7,0,2,0.0
388,1,7,0,3,0.0
389,1,7,0,4,0.0
390,1,7,0,5,0.0
391,1,7,0,6,0.0
392,1,7,0,7,0.5684326882055735
393,1,7,0,8,0.1264299021555001
394,1,7,0,9,0.10665084095786725
395,1,7,0,10,0.19848656868105918
396,1,7,1,0,0.0
397,1,7,1,1,0.0
398,1,7,1,2,0.0
399,1,7,1,3,0.0
400,1,7,1,4,0.0
401,1,7,1,5,0.0
402,1,7,1,6,0.0
403,1,7,1,7,0.533531856533724
404,1,7,1,8,0.09864621396866913
405,1,7,1,9,0.09069303875825818
406,1,7,1,10,0.27712889073934865
407,1,7,2,0,0.0
408,1,7,2,1,0.0
409,1,7,2,2,0.0
410,1,7,2,3,0.0
411,1,7,2,4,0.0
412,1,7,2,5,0.0
413,1,7,2,6,0.0
414,1,7,2,7,0.41133491620127566
415,1,7,2,8,0.0719924407864827
416,1,7,2,9,0.0727960981124442
417,1,7,2,10,0.44387654489979744
418,1,7,3,0,0.0
419,1,7,3,1,0.0
420,1,7,3,2,0.0
421,1,7,3,3,0.0
422,1,7,3,4,0.0
423,1,7,3,5,0.0
424,1,7,3,6,0.0
425,1,7,3,7,0.37937175657548283
426,1,7,3,8,0.04968533695282562
427,1,7,3,9,0.05111830934410977
428,1,7,3,10,0.5198245971275818
429,1,7,4,0,0.0
430,1,7,4,1,0.0
431,1,7,4,2,0.0
432,1,7,4,3,0.0
433,1,7,4,4,0.0
434,1,7,4,5,0.0
435,1,7,4,6,0.0
436,1,7,4,7,0.3610736009567337
437,1,7,4,8,0.03489967710880815
438,1,7,4,9,0.03601842262120303
439,1,7,4,10,0.5680082993132551
440,1,8,0,0,0.0
441,1,8,0,1,0.0
442,1,8,0,2,0.0
443,1,8,0,3,0.0
444,1,8,0,4,0.0
445,1,8,0,5,0.0
446,1,8,0,6,0.0
447,1,8,0,7,0.0
448,1,8,0,8,0.5720924043972323
449,1,8,0,9,0.12860114042267057
450,1,8,0,10,0.29930645518009713
451,1,8,1,0,0.0
452,1,8,1,1,0.0
453,1,8,1,2,0.0
454,1,8,1,3,0.0
455,1,8,1,4,0.0
456,1,8,1,5,0.0
457,1,8,1,6,0.0
458,1,8,1,7,0.0
459,1,8,1,8,0.5903027780617742
460,1,8,1,9,0.09749901102228109
461,1,8,1,10,0.3121982109159447
462,1,8,2,0,0.0
463,1,8,2,1,0.0
464,1,8,2,2,0.0
465,1,8,2,3,0.0
466,1,8,2,4,0.0
467,1,8,2,5,0.0
468,1,8,2,6,0.0
469,1,8,2,7,0.0
470,1,8,2,8,0.5220969835008996
471,1,8,2,9,0.0737504751592889
472,1,8,2,10,0.4041525413398115
473,1,8,3,0,0.0
474,1,8,3,1,0.0
475,1,8,3,2,0.0
476,1,8,3,3,0.0
477,1,8,3,4,0.0
478,1,8,3,5,0.0
479,1,8,3,6,0.0
480,1,8,3,7,0.0
481,1,8,3,8,0.4533930440040574
482,1,8,3,9,0.05165966249259252
483,1,8,3,10,0.4949472935033501
484,1,8,4,0,0.0
485,1,8,4,1,0.0
486,1,8,4,2,0.0
487,1,8,4,3,0.0
488,1,8,4,4,0.0
489,1,8,4,5,0.0
490,1,8,4,6,0.0
491,1,8,4,7,0.0
492,1,8,4,8,0.3725437163207187
493,1,8,4,9,0.034684314759161394
494,1,8,4,10,0.5927719689201199
495,1,9,0,0,0.0
496,1,9,0,1,0.0
497,1,9,0,2,0.0
498,1,9,0,3,0.0
499,1,9,0,4,0.0
500,1,9,0,5,0.0
501,1,9,0,6,0.0
502,1,9,0,7,0.0
503,1,9,0,8,0.0
504,1,9,0,9,0.5136692903283482
505,1,9,0,10,0.4863307096716518
506,1,9,1,0,0.0
507,1,9,1,1,0.0
508,1,9,1,2,0.0
509,1,9,1,3,0.0
510,1,9,1,4,0.0
511,1,9,1,5,0.0
512,1,9,1,6,0.0
513,1,9,1,7,0.0
514,1,9,1,8,0.0
515,1,9,1,9,0.6402628051687743
516,1,9,1,10,0.3597371948312257
517,1,9,2,0,0.0
518,1,9,2,1,0.0
519,1,9,2,2,0.0
520,1,9,2,3,0.0
521,1,9,2,4,0.0
522,1,9,2,5,0.0
523,1,9,2,6,0.0
524,1,9,2,7,0.0
525,1,9,2,8,0.0
526,1,9,2,9,0.5974203021784742
527,1,9,2,10,0.4025796978215258
528,1,9,3,0,0.0
529,1,9,3,1,0.0
530,1,9,3,2,0.0
531,1,9,3,3,0.0
532,1,9,3,4,0.0
533,1,9,3,5,0.0
534,1,9,3,6,0.0
535,1,9,3,7,0.0
536,1,9,3,8,0.0
537,1,9,3,9,0.4595151703424801
538,1,9,3,10,0.54048482965752
539,1,9,4,0,0.0
540,1,9,4,1,0.0
541,1,9,4,2,0.0
542,1,9,4,3,0.0
543,1,9,4,4,0.0
544,1,9,4,5,0.0
545,1,9,4,6,0.0
546,1,9,4,7,0.0
547,1,9,4,8,0.0
548,1,9,4,9,0.331814189398122
549,1,9,4,10,0.668185810601878
550,1,10,0,0,0.0
551,1,10,0,1,0.0
552,1,10,0,2,0.0
553,1,10,0,3,0.0
554,1,10,0,4,0.0
555,1,10,0,5,0.0
556,1,10,0,6,0.0
557,1,10,0,7,0.0
558,1,10,0,8,0.0
559,1,10,0,9,0.0
560,1,10,0,10,1.0
561,1,10,1,0,0.0
562,1,10,1,1,0.0
563,1,10,1,2,0.0
564,1,10,1,3,0.0
565,1,10,1,4,0.0
566,1,10,1,5,0.0
567,1,10,1,6,0.0
568,1,10,1,7,0.0
569,1,10,1,8,0.0
570,1,10,1,9,0.0
571,1,10,1,10,1.0
572,1,10,2,0,0.0
573,1,10,2,1,0.0
574,1,10,2,2,0.0
575,1,10,2,3,0.0
576,1,10,2,4,0.0
577,1,10,2,5,0.0
578,1,10,2,6,0.0
579,1,10,2,7,0.0
580,1,10,2,8,0.0
581,1,10,2,9,0.0
582,1,10,2,10,1.0
583,1,10,3,0,0.0
584,1,10,3,1,0.0
585,1,10,3,2,0.0
586,1,10,3,3,0.0
587,1,10,3,4,0.0
588,1,10,3,5,0.0
589,1,10,3,6,0.0
590,1,10,3,7,0.0
591,1,10,3,8,0.0
592,1,10,3,9,0.0
593,1,10,3,10,1.0
594,1,10,4,0,0.0
595,1,10,4,1,0.0
596,1,10,4,2,0.0
597,1,10,4,3,0.0
598,1,10,4,4,0.0
599,1,10,4,5,0.0
600,1,10,4,6,0.0
601,1,10,4,7,0.0
602,1,10,4,8,0.0
603,1,10,4,9,0.0
604,1,10,4,10,1.0
605,2,0,0,0,0.1801469578191778
606,2,0,0,1,0.08488811093044787
607,2,0,0,2,0.10253229729079855
608,2,0,0,3,0.11360952892235138
609,2,0,0,4,0.11547994317320676
610,2,0,0,5,0.10768014171766338
611,2,0,0,6,0.09210925228461331
612,2,0,0,7,0.07227919574593733
613,2,0,0,8,0.052032447079423005
614,2,0,0,9,0.03436404458140485
615,2,0,0,10,0.044878080454975766
616,2,0,1,0,0.27870542648616
617,2,0,1,1,0.08495986555350266
618,2,0,1,2,0.09269908503839153
619,2,0,1,3,0.09540184963070991
620,2,0,1,4,0.09260986495475598
621,2,0,1,5,0.08479636349950082
622,2,0,1,6,0.07323493331133746
623,2,0,1,7,0.059660058580587094
624,2,0,1,8,0.045843676004824085
625,2,0,1,9,0.033228960382761685
626,2,0,1,10,0.058859916557468805
627,2,0,2,0,0.26329056164237896
628,2,0,2,1,0.06318566998800207
629,2,0,2,2,0.06894713176547784
630,2,0,2,3,0.0726345711113755
631,2,0,2,4,0.07387529324146375
632,2,0,2,5,0.07254097821635574
633,2,0,2,6,0.06876954354806619
634,2,0,2,7,0.0629416562388514
635,2,0,2,8,0.055617430485331965
636,2,0,2,9,0.04744788004249567
637,2,0,2,10,0.1507492837202009
638,2,0,3,0,0.25105203609081245
639,2,0,3,1,0.04372741044085293
640,2,0,3,2,0.04719730406657929
641,2,0,3,3,0.05001085671851113
642,2,0,3,4,0.05202285107584653
643,2,0,3,5,0.053125884006821056
644,2,0,3,6,0.05325986187807563
645,2,0,3,7,0.05241742342180411
646,2,0,3,8,0.05064460920423264
647,2,0,3,9,0.04803669297511226
648,2,0,3,10,0.29850507012135197
649,2,0,4,0,0.2666215567210718
650,2,0,4,1,0.030552344403311504
651,2,0,4,2,0.032226881723868894
652,2,0,4,3,0.03369052550475954
653,2,0,4,4,0.034906987281346114
654,2,0,4,5,0.03584524259878591
655,2,0,4,6,0.036480844650022826
656,2,0,4,7,0.036796982414666224
657,2,0,4,8,0.03678521938308654
658,2,0,4,9,0.03644586755515267
659,2,0,4,10,0.419647547763928
660,2,1,0,0,0.0
661,2,1,0,1,0.1819542944215057
662,2,1,0,2,0.08672655891196204
663,2,1,0,3,0.10468581345596745
664,2,1,0,4,0.11563299364142804
665,2,1,0,5,0.11687765578451731
666,2,1,0,6,0.1081027229294721
667,2,1,0,7,0.09149528219888448
668,2,1,0,8,0.0708633887231589
669,2,1,0,9,0.05022450451148086
670,2,1,0,10,0.07343678542162313
671,2,1,1,0,0.0
672,2,1,1,1,0.29348686135545404
673,2,1,1,2,0.08671873254764145
674,2,1,1,3,0.09361454368097916
675,2,1,1,4,0.09531996268438375
676,2,1,1,5,0.09154489372323071
677,2,1,1,6,0.08292676063028537
678,2,1,1,7,0.07085449109681907
679,2,1,1,8,0.05710258415232716
680,2,1,1,9,0.04340767402202039
681,2,1,1,10,0.08502349610685889
682,2,1,2,0,0.0
683,2,1,2,1,0.2733721436615144
684,2,1,2,2,0.06342069334156825
685,2,1,2,3,0.06876371897931322
686,2,1,2,4,0.07204279294982385
687,2,1,2,5,0.07293294529291167
688,2,1,2,6,0.07134421144797254
689,2,1,2,7,0.06743661415202695
690,2,1,2,8,0.06159359912359619
691,2,1,2,9,0.054360029507076635
692,2,1,2,10,0.1947332515441963
693,2,1,3,0,0.0
694,2,1,3,1,0.2577337073373145
695,2,1,3,2,0.043326247495780734
696,2,1,3,3,0.046582443101397475
697,2,1,3,4,0.049203731293179565
698,2,1,3,5,0.051059615528088464
699,2,1,3,6,0.052054731867251514
700,2,1,3,7,0.052136966740344404
701,2,1,3,8,0.05130197849767859
702,2,1,3,9,0.049593576717715804
703,2,1,3,10,0.34700700142124896
704,2,1,4,0,0.0
705,2,1,4,1,0.272246879354785
706,2,1,4,2,0.03017805563296705
707,2,1,4,3,0.031760365488788245
708,2,1,4,4,0.03313916697414809
709,2,1,4,5,0.03428142537765355
710,2,1,4,6,0.035159025920091846
711,2,1,4,7,0.035749922840380866
712,2,1,4,8,0.03603905947513364
713,2,1,4,9,0.036019005736301235
714,2,1,4,10,0.4554270931997505
715,2,2,0,0,0.0
716,2,2,0,1,0.0
717,2,2,0,2,0.1871638743207499
718,2,2,0,3,0.08942685175848816
719,2,2,0,4,0.10743703829963458
720,2,2,0,5,0.1178242088223328
721,2,2,0,6,0.11795251841552767
722,2,2,0,7,0.10778837049070022
723,2,2,0,8,0.0899146355518603
724,2,2,0,9,0.0684679709245899
725,2,2,0,10,0.11402453141611646
726,2,2,1,0,0.0
727,2,2,1,1,0.0
728,2,2,1,2,0.30954799289865775
729,2,2,1,3,0.08834924034606545
730,2,2,1,4,0.09430216171852723
731,2,2,1,5,0.09494829341672589
732,2,2,1,6,0.09017769797877806
733,2,2,1,7,0.08079014221519942
734,2,2,1,8,0.06827581308491593
735,2,2,1,9,0.054428785575816985
736,2,2,1,10,0.11917987276531328
737,2,2,2,0,0.0
738,2,2,2,1,0.0
739,2,2,2,2,0.2819300236300667
740,2,2,2,3,0.06345243440922282
741,2,2,2,4,0.06843692850794852
742,2,2,2,5,0.07138226152896976
743,2,2,2,6,0.07200239865474234
744,2,2,2,7,0.0702360857325679
745,2,2,2,8,0.06625682073221995
746,2,2,2,9,0.06044475905113833
747,2,2,2,10,0.24585828775312368
748,2,2,3,0,0.0
749,2,2,3,1,0.0
750,2,2,3,2,0.26120308036467177
751,2,2,3,3,0.04280959089495834
752,2,2,3,4,0.045927706100772625
753,2,2,3,5,0.04843523867523292
754,2,2,3,6,0.050211164132490216
755,2,2,3,7,0.051167092753021004
756,2,2,3,8,0.051254558769367076
757,2,2,3,9,0.05046909212039041
758,2,2,3,10,0.39852247618909564
759,2,2,4,0,0.0
760,2,2,4,1,0.0
761,2,2,4,2,0.27346699398326446
762,2,2,4,3,0.029870967447283014
763,2,2,4,4,0.031424637445590375
764,2,2,4,5,0.03278037839098108
765,2,2,4,6,0.033906239743353994
766,2,2,4,7,0.03477496704204214
767,2,2,4,8,0.03536509748973726
768,2,2,4,9,0.035661840943626455
769,2,2,4,10,0.4927488775141212
770,2,3,0,0,0.0
771,2,3,0,1,0.0
772,2,3,0,2,0.0
773,2,3,0,3,0.19730451300470986
774,2,3,0,4,0.09334319849638861
775,2,3,0,5,0.11097746600215408
776,2,3,0,6,0.12014844110415313
777,2,3,0,7,0.11844883157447494
778,2,3,0,8,0.10633417123988731
779,2,3,0,9,0.08692537808106893
780,2,3,0,10,0.16651800049716314
781,2,3,1,0,0.0
782,2,3,1,1,0.0
783,2,3,1,2,0.0
784,2,3,1,3,0.32505307872968114
785,2,3,1,4,0.0897382171953447
786,2,3,1,5,0.09477065645618843
787,2,3,1,6,0.09441677274239568
788,2,3,1,7,0.08873668094563936
789,2,3,1,8,0.07867503295148404
790,2,3,1,9,0.06580405917549126
791,2,3,1,10,0.1628055018037754
792,2,3,2,0,0.0
793,2,3,2,1,0.0
794,2,3,2,2,0.0
795,2,3,2,3,0.28595506863819153
796,2,3,2,4,0.06318041620896153
797,2,3,2,5,0.0679735140133072
798,2,3,2,6,0.07076621702345542
799,2,3,2,7,0.07129196460445597
800,2,3,2,8,0.0694997677751229
801,2,3,2,9,0.0655623603987805
802,2,3,2,10,0.30577069133772494
803,2,3,3,0,0.0
804,2,3,3,1,0.0
805,2,3,3,2,0.0
806,2,3,3,3,0.2590212322813955
807,2,3,3,4,0.042177129916509404
808,2,3,3,5,0.0452818904960009
809,2,3,3,6,0.04780193140775535
810,2,3,3,7,0.04961794650794987
811,2,3,3,8,0.05064119851115845
812,2,3,3,9,0.0508207037745137
813,2,3,3,10,0.4546379671047168
814,2,3,4,0,0.0
815,2,3,4,1,0.0
816,2,3,4,2,0.0
817,2,3,4,3,0.2698857511274328
818,2,3,4,4,0.029782657037417337
819,2,3,4,5,0.031388231178069326
820,2,3,4,6,0.03279664181707315
821,2,3,4,7,0.03397427531371722
822,2,3,4,8,0.03489222600779668
823,2,3,4,9,0.03552747418038976
824,2,3,4,10,0.5317527433381037
825,2,4,0,0,0.0
826,2,4,0,1,0.0
827,2,4,0,2,0.0
828,2,4,0,3,0.0
829,2,4,0,4,0.2143536125257593
830,2,4,0,5,0.0988519319538379
831,2,4,0,6,0.11544029017956098
832,2,4,0,7,0.12243849188808154
833,2,4,0,8,0.11794116627664797
834,2,4,0,9,0.10318114489128838
835,2,4,0,10,0.22779336228482394
836,2,4,1,0,0.0
837,2,4,1,1,0.0
838,2,4,1,2,0.0
839,2,4,1,3,0.0
840,2,4,1,4,0.33677225875146527
841,2,4,1,5,0.09085780140248001
842,2,4,1,6,0.09519932616934718
843,2,4,1,7,0.09408117294346541
844,2,4,1,8,0.08769379260546994
845,2,4,1,9,0.07709627007827247
846,2,4,1,10,0.21829937804949973
847,2,4,2,0,0.0
848,2,4,2,1,0.0
849,2,4,2,2,0.0
850,2,4,2,3,0.0
851,2,4,2,4,0.2821650309599114
852,2,4,2,5,0.06257931512264059
853,2,4,2,6,0.06746846018157487
854,2,4,2,7,0.07040166194965147
855,2,4,2,8,0.07110111623552046
856,2,4,2,9,0.0694994074357197
857,2,4,2,10,0.3767850081149815
858,2,4,3,0,0.0
859,2,4,3,1,0.0
860,2,4,3,2,0.0
861,2,4,3,3,0.0
862,2,4,3,4,0.2510201516581101
863,2,4,3,5,0.041617586583657884
864,2,4,3,6,0.04486170403058404
865,2,4,3,7,0.04754072488087269
866,2,4,3,8,0.04952744292338801
867,2,4,3,9,0.050724218486819794
868,2,4,3,10,0.5147081714365676
869,2,4,4,0,0.0
870,2,4,4,1,0.0
871,2,4,4,2,0.0
872,2,4,4,3,0.0
873,2,4,4,4,0.2648523989569767
874,2,4,4,5,0.030197729363779735
875,2,4,4,6,0.031931060768508046
876,2,4,4,7,0.033457205542998136
877,2,4,4,8,0.03473779121307835
878,2,4,4,9,0.03573963914879774
879,2,4,4,10,0.5690841750058613
880,2,5,0,0,0.0
881,2,5,0,1,0.0
882,2,5,0,2,0.0
883,2,5,0,3,0.0
884,2,5,0,4,0.0
885,2,5,0,5,0.24049823000513013
886,2,5,0,6,0.10622402193148525
887,2,5,0,7,0.12076109318278239
888,2,5,0,8,0.12427855586329045
889,2,5,0,9,0.11577890281237024
890,2,5,0,10,0.29245919620494154
891,2,5,1,0,0.0
892,2,5,1,1,0.0
893,2,5,1,2,0.0
894,2,5,1,3,0.0
895,2,5,1,4,0.0
896,2,5,1,5,0.341169251939953
897,2,5,1,6,0.09190557898315393
898,2,5,1,7,0.0960126964083492
899,2,5,1,8,0.09451843333410304
900,2,5,1,9,0.08768101357377023
901,2,5,1,10,0.2887130257606706
902,2,5,2,0,0.0
903,2,5,2,1,0.0
904,2,5,2,2,0.0
905,2,5,2,3,0.0
906,2,5,2,4,0.0
907,2,5,2,5,0.2708188475382911
908,2,5,2,6,0.06194306449090048
909,2,5,2,7,0.06724903055003312
910,2,5,2,8,0.07062159238771376
911,2,5,2,9,0.07173749984099798
912,2,5,2,10,0.45762996519206356
913,2,5,3,0,0.0
914,2,5,3,1,0.0
915,2,5,3,2,0.0
916,2,5,3,3,0.0
917,2,5,3,4,0.0
918,2,5,3,5,0.24319172207496653
919,2,5,3,6,0.04175914116741003
920,2,5,3,7,0.04525377537571612
921,2,5,3,8,0.048172092614162
922,2,5,3,9,0.05037004075114809
923,2,5,3,10,0.5712532280165972
924,2,5,4,0,0.0
925,2,5,4,1,0.0
926,2,5,4,2,0.0
927,2,5,4,3,0.0
928,2,5,4,4,0.0
929,2,5,4,5,0.2646365753272526
930,2,5,4,6,0.03138125234733219
931,2,5,4,7,0.033273745704161084
932,2,5,4,8,0.03493049869506776
933,2,5,4,9,0.036305988569937664
934,2,5,4,10,0.5994719393562487
935,2,6,0,0,0.0
936,2,6,0,1,0.0
937,2,6,0,2,0.0
938,2,6,0,3,0.0
939,2,6,0,4,0.0
940,2,6,0,5,0.0
941,2,6,0,6,0.27499255817779183
942,2,6,0,7,0.11503168487160281
943,2,6,0,8,0.12637101414571306
944,2,6,0,9,0.12507532086331918
945,2,6,0,10,0.3585294219415731
946,2,6,1,0,0.0
947,2,6,1,1,0.0
948,2,6,1,2,0.0
949,2,6,1,3,0.0
950,2,6,1,4,0.0
951,2,6,1,5,0.0
952,2,6,1,6,0.3384778416682499
953,2,6,1,7,0.09349328063533335
954,2,6,1,8,0.09784259279227825
955,2,6,1,9,0.0962619173156084
956,2,6,1,10,0.3739243675885301
957,2,6,2,0,0.0
958,2,6,2,1,0.0
959,2,6,2,2,0.0
960,2,6,2,3,0.0
961,2,6,2,4,0.0
962,2,6,2,5,0.0
963,2,6,2,6,0.26215850691731307
964,2,6,2,7,0.06251786159082717
965,2,6,2,8,0.06832996252969142
966,2,6,2,9,0.0721156980203182
967,2,6,2,10,0.5348779709418501
968,2,6,3,0,0.0
969,2,6,3,1,0.0
970,2,6,3,2,0.0
971,2,6,3,3,0.0
972,2,6,3,4,0.0
973,2,6,3,5,0.0
974,2,6,3,6,0.2475127171023707
975,2,6,3,7,0.04363353288092556
976,2,6,3,8,0.04733495997725318
977,2,6,3,9,0.05036955252189412
978,2,6,3,10,0.6111492375175565
979,2,6,4,0,0.0
980,2,6,4,1,0.0
981,2,6,4,2,0.0
982,2,6,4,3,0.0
983,2,6,4,4,0.0
984,2,6,4,5,0.0
985,2,6,4,6,0.27347590088089313
986,2,6,4,7,0.03320767582618078
987,2,6,4,8,0.03520692622225868
988,2,6,4,9,0.036921826568157956
989,2,6,4,10,0.6211876705025094
990,2,7,0,0,0.0
991,2,7,0,1,0.0
992,2,7,0,2,0.0
993,2,7,0,3,0.0
994,2,7,0,4,0.0
995,2,7,0,5,0.0
996,2,7,0,6,0.0
997,2,7,0,7,0.3035849937528129
998,2,7,0,8,0.12313276792782568
999,2,7,0,9,0.13151066164227299
1000,2,7,0,10,0.44177157667708844
1001,2,7,1,0,0.0
1002,2,7,1,1,0.0
1003,2,7,1,2,0.0
1004,2,7,1,3,0.0
1005,2,7,1,4,0.0
1006,2,7,1,5,0.0
1007,2,7,1,6,0.0
1008,2,7,1,7,0.337919623405519
1009,2,7,1,8,0.09680478550180555
1010,2,7,1,9,0.10133036311107291
1011,2,7,1,10,0.46394522798160254
1012,2,7,2,0,0.0
1013,2,7,2,1,0.0
1014,2,7,2,2,0.0
1015,2,7,2,3,0.0
1016,2,7,2,4,0.0
1017,2,7,2,5,0.0
1018,2,7,2,6,0.0
1019,2,7,2,7,0.27658352518257245
1020,2,7,2,8,0.06657178370179262
1021,2,7,2,9,0.07233088258501957
1022,2,7,2,10,0.5845138085306154
1023,2,7,3,0,0.0
1024,2,7,3,1,0.0
1025,2,7,3,2,0.0
1026,2,7,3,3,0.0
1027,2,7,3,4,0.0
1028,2,7,3,5,0.0
1029,2,7,3,6,0.0
1030,2,7,3,7,0.27258862769274256
1031,2,7,3,8,0.04748593334719281
1032,2,7,3,9,0.05108485324271678
1033,2,7,3,10,0.6288405857173478
1034,2,7,4,0,0.0
1035,2,7,4,1,0.0
1036,2,7,4,2,0.0
1037,2,7,4,3,0.0
1038,2,7,4,4,0.0
1039,2,7,4,5,0.0
1040,2,7,4,6,0.0
1041,2,7,4,7,0.289679577751374
1042,2,7,4,8,0.03501564570608012
1043,2,7,4,9,0.03700304789906805
1044,2,7,4,10,0.6383017286434778
1045,2,8,0,0,0.0
1046,2,8,0,1,0.0
1047,2,8,0,2,0.0
1048,2,8,0,3,0.0
1049,2,8,0,4,0.0
1050,2,8,0,5,0.0
1051,2,8,0,6,0.0
1052,2,8,0,7,0.0
1053,2,8,0,8,0.302031247346159
1054,2,8,0,9,0.1274408344541504
1055,2,8,0,10,0.5705279181996906
1056,2,8,1,0,0.0
1057,2,8,1,1,0.0
1058,2,8,1,2,0.0
1059,2,8,1,3,0.0
1060,2,8,1,4,0.0
1061,2,8,1,5,0.0
1062,2,8,1,6,0.0
1063,2,8,1,7,0.0
1064,2,8,1,8,0.35199477475456836
1065,2,8,1,9,0.10239336336226157
1066,2,8,1,10,0.54561186188317
1067,2,8,2,0,0.0
1068,2,8,2,1,0.0
1069,2,8,2,2,0.0
1070,2,8,2,3,0.0
1071,2,8,2,4,0.0
1072,2,8,2,5,0.0
1073,2,8,2,6,0.0
1074,2,8,2,7,0.0
1075,2,8,2,8,0.3233859487326847
1076,2,8,2,9,0.0736063326287642
1077,2,8,2,10,0.6030077186385511
1078,2,8,3,0,0.0
1079,2,8,3,1,0.0
1080,2,8,3,2,0.0
1081,2,8,3,3,0.0
1082,2,8,3,4,0.0
1083,2,8,3,5,0.0
1084,2,8,3,6,0.0
1085,2,8,3,7,0.0
1086,2,8,3,8,0.3095555978818803
1087,2,8,3,9,0.051264865733327614
1088,2,8,3,10,0.6391795363847921
1089,2,8,4,0,0.0
1090,2,8,4,1,0.0
1091,2,8,4,2,0.0
1092,2,8,4,3,0.0
1093,2,8,4,4,0.0
1094,2,8,4,5,0.0
1095,2,8,4,6,0.0
1096,2,8,4,7,0.0
1097,2,8,4,8,0.2995405070958892
1098,2,8,4,9,0.035506421020377266
1099,2,8,4,10,0.6649530718837335
1100,2,9,0,0,0.0
1101,2,9,0,1,0.0
1102,2,9,0,2,0.0
1103,2,9,0,3,0.0
1104,2,9,0,4,0.0
1105,2,9,0,5,0.0
1106,2,9,0,6,0.0
1107,2,9,0,7,0.0
1108,2,9,0,8,0.0
1109,2,9,0,9,0.2453630701424884
1110,2,9,0,10,0.7546369298575116
1111,2,9,1,0,0.0
1112,2,9,1,1,0.0
1113,2,9,1,2,0.0
1114,2,9,1,3,0.0
1115,2,9,1,4,0.0
1116,2,9,1,5,0.0
1117,2,9,1,6,0.0
1118,2,9,1,7,0.0
1119,2,9,1,8,0.0
1120,2,9,1,9,0.3666192841978623
1121,2,9,1,10,0.6333807158021376
1122,2,9,2,0,0.0
1123,2,9,2,1,0.0
1124,2,9,2,2,0.0
1125,2,9,2,3,0.0
1126,2,9,2,4,0.0
1127,2,9,2,5,0.0
1128,2,9,2,6,0.0
1129,2,9,2,7,0.0
1130,2,9,2,8,0.0
1131,2,9,2,9,0.35974257280761635
1132,2,9,2,10,0.6402574271923837
1133,2,9,3,0,0.0
1134,2,9,3,1,0.0
1135,2,9,3,2,0.0
1136,2,9,3,3,0.0
1137,2,9,3,4,0.0
1138,2,9,3,5,0.0
1139,2,9,3,6,0.0
1140,2,9,3,7,0.0
1141,2,9,3,8,0.0
1142,2,9,3,9,0.3182159876088345
1143,2,9,3,10,0.6817840123911655
1144,2,9,4,0,0.0
1145,2,9,4,1,0.0
1146,2,9,4,2,0.0
1147,2,9,4,3,0.0
1148,2,9,4,4,0.0
1149,2,9,4,5,0.0
1150,2,9,4,6,0.0
1151,2,9,4,7,0.0
1152,2,9,4,8,0.0
1153,2,9,4,9,0.2736005622201163
1154,2,9,4,10,0.7263994377798837
1155,2,10,0,0,0.0
1156,2,10,0,1,0.0
1157,2,10,0,2,0.0
1158,2,10,0,3,0.0
1159,2,10,0,4,0.0
1160,2,10,0,5,0.0
1161,2,10,0,6,0.0
1162,2,10,0,7,0.0
1163,2,10,0,8,0.0
1164,2,10,0,9,0.0
1165,2,10,0,10,1.0
1166,2,10,1,0,0.0
1167,2,10,1,1,0.0
1168,2,10,1,2,0.0
1169,2,10,1,3,0.0
1170,2,10,1,4,0.0
1171,2,10,1,5,0.0
1172,2,10,1,6,0.0
1173,2,10,1,7,0.0
1174,2,10,1,8,0.0
1175,2,10,1,9,0.0
1176,2,10,1,10,1.0
1177,2,10,2,0,0.0
1178,2,10,2,1,0.0
1179,2,10,2,2,0.0
1180,2,10,2,3,0.0
1181,2,10,2,4,0.0
1182,2,10,2,5,0.0
1183,2,10,2,6,0.0
1184,2,10,2,7,0.0
1185,2,10,2,8,0.0
1186,2,10,2,9,0.0
1187,2,10,2,10,1.0
1188,2,10,3,0,0.0
1189,2,10,3,1,0.0
1190,2,10,3,2,0.0
1191,2,10,3,3,0.0
1192,2,10,3,4,0.0
1193,2,10,3,5,0.0
1194,2,10,3,6,0.0
1195,2,10,3,7,0.0
1196,2,10,3,8,0.0
1197,2,10,3,9,0.0
1198,2,10,3,10,1.0
1199,2,10,4,0,0.0
1200,2,10,4,1,0.0
1201,2,10,4,2,0.0
1202,2,10,4,3,0.0
1203,2,10,4,4,0.0
1204,2,10,4,5,0.0
1205,2,10,4,6,0.0
1206,2,10,4,7,0.0
1207,2,10,4,8,0.0
1208,2,10,4,9,0.0
1209,2,10,4,10,1.0
1210,3,0,0,0,0.12134549218961424
1211,3,0,0,1,0.062479447247942854
1212,3,0,0,2,0.080784700201847
1213,3,0,0,3,0.09666830779032654
1214,3,0,0,4,0.10705247698580095
1215,3,0,0,5,0.10971461074349748
1216,3,0,0,6,0.10406069760823133
1217,3,0,0,7,0.0913407271845581
1218,3,0,0,8,0.07419943637562643
1219,3,0,0,9,0.055782953054444806
1220,3,0,0,10,0.09657115061811028
1221,3,0,1,0,0.22279906921556294
1222,3,0,1,1,0.07295563835855576
1223,3,0,1,2,0.0828689862361337
1224,3,0,1,3,0.08923911523898337
1225,3,0,1,4,0.09110602694648656
1226,3,0,1,5,0.0881794018707488
1227,3,0,1,6,0.08091253914581442
1228,3,0,1,7,0.07038735106553029
1229,3,0,1,8,0.05805056475195314
1230,3,0,1,9,0.04538962862923723
1231,3,0,1,10,0.09811167854099379
1232,3,0,2,0,0.2341516985463514
1233,3,0,2,1,0.05842063022744451
1234,3,0,2,2,0.0647838546396785
1235,3,0,2,3,0.06945695333058655
1236,3,0,2,4,0.07199658932521485
1237,3,0,2,5,0.07215306726757015
1238,3,0,2,6,0.06991079871264183
1239,3,0,2,7,0.06549086011920524
1240,3,0,2,8,0.05931506234551709
1241,3,0,2,9,0.05193961781547152
1242,3,0,2,10,0.18238086767031836
1243,3,0,3,0,0.24345299140037485
1244,3,0,3,1,0.044244601426722874
1245,3,0,3,2,0.047967494029800606
1246,3,0,3,3,0.05100743092466753
1247,3,0,3,4,0.05320086144683411
1248,3,0,3,5,0.054425459923192476
1249,3,0,3,6,0.054611420412613354
1250,3,0,3,7,0.05374804595932592
1251,3,0,3,8,0.051884767101418094
1252,3,0,3,9,0.0491264547306528
1253,3,0,3,10,0.2963304726443974
1254,3,0,4,0,0.2739782786098814
1255,3,0,4,1,0.03358598252878198
1256,3,0,4,2,0.035436340327681615
1257,3,0,4,3,0.03700492927825222
1258,3,0,4,4,0.038246319197410616
1259,3,0,4,5,0.039123586533025445
1260,3,0,4,6,0.03961013764906107
1261,3,0,4,7,0.03969104763467152
1262,3,0,4,8,0.03936382060522403
1263,3,0,4,9,0.03863851745670688
1264,3,0,4,10,0.38532104017930324
1265,3,1,0,0,0.0
1266,3,1,0,1,0.11633661889259249
1267,3,1,0,2,0.06140646202077012
1268,3,1,0,3,0.08013718864680291
1269,3,1,0,4,0.09663780162271346
1270,3,1,0,5,0.10768298123817804
1271,3,1,0,6,0.11087446846530813
1272,3,1,0,7,0.10548719957736241
1273,3,1,0,8,0.09273690099294052
1274,3,1,0,9,0.0753343197007984
1275,3,1,0,10,0.15336605884253351
1276,3,1,1,0,0.0
1277,3,1,1,1,0.23061659932409004
1278,3,1,1,2,0.07400224163999561
1279,3,1,1,3,0.08352696381560448
1280,3,1,1,4,0.08940784467867974
1281,3,1,1,5,0.09075914135968
1282,3,1,1,6,0.08737166701637089
1283,3,1,1,7,0.07976582948028044
1284,3,1,1,8,0.06906065850915977
1285,3,1,1,9,0.05670418769077401
1286,3,1,1,10,0.13878486648536503
1287,3,1,2,0,0.0
1288,3,1,2,1,0.24280155694834507
1289,3,1,2,2,0.058747917286292
1290,3,1,2,3,0.064756426135897
1291,3,1,2,4,0.06906677854535048
1292,3,1,2,5,0.07127716784198307
1293,3,1,2,6,0.07117477259318672
1294,3,1,2,7,0.06876953994380541
1295,3,1,2,8,0.06429259098610896
1296,3,1,2,9,0.05815960220993954
1297,3,1,2,10,0.23095364750909175
1298,3,1,3,0,0.0
1299,3,1,3,1,0.25107123015614163
1300,3,1,3,2,0.04418922127335173
1301,3,1,3,3,0.04770253474975994
1302,3,1,3,4,0.050539047005746573
1303,3,1,3,5,0.05254995034582116
1304,3,1,3,6,0.05362616287087768
1305,3,1,3,7,0.05370812761629962
1306,3,1,3,8,0.05279127129604344
1307,3,1,3,9,0.05092642650235857
1308,3,1,3,10,0.34289602818359965
1309,3,1,4,0,0.0
1310,3,1,4,1,0.2814132740579217
1311,3,1,4,2,0.03350554439450337
1312,3,1,4,3,0.03525602809816425
1313,3,1,4,4,0.03672698383574324
1314,3,1,4,5,0.037876669079100256
1315,3,1,4,6,0.03867163563566395
1316,3,1,4,7,0.03908834548008755
1317,3,1,4,8,0.0391143282695553
1318,3,1,4,9,0.03874880111981316
1319,3,1,4,10,0.4195983900294472
1320,3,2,0,0,0.0
1321,3,2,0,1,0.0
1322,3,2,0,2,0.11418037339353833
1323,3,2,0,3,0.06128211116378797
1324,3,2,0,4,0.08038646485199183
1325,3,2,0,5,0.09729053300022611
1326,3,2,0,6,0.10864023536632944
1327,3,2,0,7,0.11192847390980365
1328,3,2,0,8,0.10639457948818809
1329,3,2,0,9,0.09331003239107749
1330,3,2,0,10,0.2265871964350571
1331,3,2,1,0,0.0
1332,3,2,1,1,0.0
1333,3,2,1,2,0.23981525782157967
1334,3,2,1,3,0.07517543031824483
1335,3,2,1,4,0.08423857705762067
1336,3,2,1,5,0.08954947546285785
1337,3,2,1,6,0.09030896632239716
1338,3,2,1,7,0.08640010604108028
1339,3,2,1,8,0.07841765954742241
1340,3,2,1,9,0.06751982508712417
1341,3,2,1,10,0.18857470234167295
1342,3,2,2,0,0.0
1343,3,2,2,1,0.0
1344,3,2,2,2,0.25062797433057543
1345,3,2,2,3,0.05899943624209647
1346,3,2,2,4,0.06469502790917664
1347,3,2,2,5,0.06868973124055128
1348,3,2,2,6,0.0706170675445908
1349,3,2,2,7,0.0702949401227484
1350,3,2,2,8,0.06775400553175259
1351,3,2,2,9,0.06323286097598524
1352,3,2,2,10,0.28508895610252316
1353,3,2,3,0,0.0
1354,3,2,3,1,0.0
1355,3,2,3,2,0.2562472717638673
1356,3,2,3,3,0.044097896090391275
1357,3,2,3,4,0.047472003503569005
1358,3,2,3,5,0.05017585432647281
1359,3,2,3,6,0.05207013843225983
1360,3,2,3,7,0.05305409783946402
1361,3,2,3,8,0.05307440351877013
1362,3,2,3,9,0.05212994311320451
1363,3,2,3,10,0.3916783914120011
1364,3,2,4,0,0.0
1365,3,2,4,1,0.0
1366,3,2,4,2,0.2855105821392836
1367,3,2,4,3,0.033569354143401064
1368,3,2,4,4,0.03528281420792573
1369,3,2,4,5,0.03671466314383398
1370,3,2,4,6,0.03782434511766053
1371,3,2,4,7,0.03857966255550588
1372,3,2,4,8,0.03895832745828204
1373,3,2,4,9,0.038949053729157135
1374,3,2,4,10,0.45461119750495005
1375,3,3,0,0,0.0
1376,3,3,0,1,0.0
1377,3,3,0,2,0.0
1378,3,3,0,3,0.11726287926318248
1379,3,3,0,4,0.0630943840625121
1380,3,3,0,5,0.08252813927939678
1381,3,3,0,6,0.09944057009827101
1382,3,3,0,7,0.11037472549649135
1383,3,3,0,8,0.11285417353300653
1384,3,3,0,9,0.10629356792757905
1385,3,3,0,10,0.3081515603395607
1386,3,3,1,0,0.0
1387,3,3,1,1,0.0
1388,3,3,1,2,0.0
1389,3,3,1,3,0.2503831916805329
1390,3,3,1,4,0.07654505166769882
1391,3,3,1,5,0.08509081804269725
1392,3,3,1,6,0.08975655670851962
1393,3,3,1,7,0.0898393529500201
1394,3,3,1,8,0.08532649183315333
1395,3,3,1,9,0.07689865265957685
1396,3,3,1,10,0.24615988445780113
1397,3,3,2,0,0.0
1398,3,3,2,1,0.0
1399,3,3,2,2,0.0
1400,3,3,2,3,0.25587233810693816
1401,3,3,2,4,0.05914844907961081
1402,3,3,2,5,0.06464155265679206
1403,3,3,2,6,0.06843350465758391
1404,3,3,2,7,0.07018002322482725
1405,3,3,2,8,0.06971810425444103
1406,3,3,2,9,0.06709111206848273
1407,3,3,2,10,0.34491491595132406
1408,3,3,3,0,0.0
1409,3,3,3,1,0.0
1410,3,3,3,2,0.0
1411,3,3,3,3,0.25731330805354935
1412,3,3,3,4,0.044034147365359044
1413,3,3,3,5,0.0473838572281291
1414,3,3,3,6,0.0500659158650546
1415,3,3,3,7,0.05194264360811246
1416,3,3,3,8,0.05291460415781041
1417,3,3,3,9,0.05292933112555798
1418,3,3,3,10,0.44341619259642706
1419,3,3,4,0,0.0
1420,3,3,4,1,0.0
1421,3,3,4,2,0.0
1422,3,3,4,3,0.2856486429141412
1423,3,3,4,4,0.0339534568124405
1424,3,3,4,5,0.03571450342629123
1425,3,3,4,6,0.03718254166626778
1426,3,3,4,7,0.03831481583597257
1427,3,3,4,8,0.039077536331468044
1428,3,3,4,9,0.03944755391826832
1429,3,3,4,10,0.49066094909515034
1430,3,4,0,0,0.0
1431,3,4,0,1,0.0
1432,3,4,0,2,0.0
1433,3,4,0,3,0.0
1434,3,4,0,4,0.12995305350675135
1435,3,4,0,5,0.06844126786787558
1436,3,4,0,6,0.08805002637746812
1437,3,4,0,7,0.10414434499092895
1438,3,4,0,8,0.11324831783827827
1439,3,4,0,9,0.11321805331947132
1440,3,4,0,10,0.3829449360992264
1441,3,4,1,0,0.0
1442,3,4,1,1,0.0
1443,3,4,1,2,0.0
1444,3,4,1,3,0.0
1445,3,4,1,4,0.2626811790082253
1446,3,4,1,5,0.07834811108120626
1447,3,4,1,6,0.08633186977548468
1448,3,4,1,7,0.09025221649677445
1449,3,4,1,8,0.08951337251934999
1450,3,4,1,9,0.08422893495600703
1451,3,4,1,10,0.3086443161629523
1452,3,4,2,0,0.0
1453,3,4,2,1,0.0
1454,3,4,2,2,0.0
1455,3,4,2,3,0.0
1456,3,4,2,4,0.2571761172356719
1457,3,4,2,5,0.059331524276497016
1458,3,4,2,6,0.0648048650729528
1459,3,4,2,7,0.06856247618159134
1460,3,4,2,8,0.07026212716097585
1461,3,4,2,9,0.06974476673601104
1462,3,4,2,10,0.41011812333630004
1463,3,4,3,0,0.0
1464,3,4,3,1,0.0
1465,3,4,3,2,0.0
1466,3,4,3,3,0.0
1467,3,4,3,4,0.254270443217786
1468,3,4,3,5,0.04424829725725288
1469,3,4,3,6,0.047722014477037056
1470,3,4,3,7,0.05051434141787525
1471,3,4,3,8,0.05247874563725824
1472,3,4,3,9,0.05350870597344254
1473,3,4,3,10,0.497257452019348
1474,3,4,4,0,0.0
1475,3,4,4,1,0.0
1476,3,4,4,2,0.0
1477,3,4,4,3,0.0
1478,3,4,4,4,0.2824140841248023
1479,3,4,4,5,0.034825494904853926
1480,3,4,4,6,0.03673317837547363
1481,3,4,4,7,0.038321530016393046
1482,3,4,4,8,0.03954117200411805
1483,3,4,4,9,0.040353207669776237
1484,3,4,4,10,0.5278113329045828
1485,3,5,0,0,0.0
1486,3,5,0,1,0.0
1487,3,5,0,2,0.0
1488,3,5,0,3,0.0
1489,3,5,0,4,0.0
1490,3,5,0,5,0.15846202372032758
1491,3,5,0,6,0.07892082968692166
1492,3,5,0,7,0.09799474960497012
1493,3,5,0,8,0.11153835693453867
1494,3,5,0,9,0.11637303852734593
1495,3,5,0,10,0.43671100152589604
1496,3,5,1,0,0.0
1497,3,5,1,1,0.0
1498,3,5,1,2,0.0
1499,3,5,1,3,0.0
1500,3,5,1,4,0.0
1501,3,5,1,5,0.27800403980989896
1502,3,5,1,6,0.08110947797147122
1503,3,5,1,7,0.08845455648259087
1504,3,5,1,8,0.09141889014040405
1505,3,5,1,9,0.089540224759729
1506,3,5,1,10,0.3714728108359059
1507,3,5,2,0,0.0
1508,3,5,2,1,0.0
1509,3,5,2,2,0.0
1510,3,5,2,3,0.0
1511,3,5,2,4,0.0
1512,3,5,2,5,0.25622182615952027
1513,3,5,2,6,0.06011110110006074
1514,3,5,2,7,0.06576226067169988
1515,3,5,2,8,0.06961929603750827
1516,3,5,2,9,0.0713201815636208
1517,3,5,2,10,0.47696533446759004
1518,3,5,3,0,0.0
1519,3,5,3,1,0.0
1520,3,5,3,2,0.0
1521,3,5,3,3,0.0
1522,3,5,3,4,0.0
1523,3,5,3,5,0.25062769325787015
1524,3,5,3,6,0.04523759665151189
1525,3,5,3,7,0.048975062876447484
1526,3,5,3,8,0.05197624163823161
1527,3,5,3,9,0.05407394704627139
1528,3,5,3,10,0.5491094585296674
1529,3,5,4,0,0.0
1530,3,5,4,1,0.0
1531,3,5,4,2,0.0
1532,3,5,4,3,0.0
1533,3,5,4,4,0.0
1534,3,5,4,5,0.2763693577892993
1535,3,5,4,6,0.03605945030207136
1536,3,5,4,7,0.0382111230383822
1537,3,5,4,8,0.040003282964785614
1538,3,5,4,9,0.04137477280293578
1539,3,5,4,10,0.5679820131025257
1540,3,6,0,0,0.0
1541,3,6,0,1,0.0
1542,3,6,0,2,0.0
1543,3,6,0,3,0.0
1544,3,6,0,4,0.0
1545,3,6,0,5,0.0
1546,3,6,0,6,0.20032224816490873
1547,3,6,0,7,0.09252783349194432
1548,3,6,0,8,0.10971066614934277
1549,3,6,0,9,0.1186815278145083
1550,3,6,0,10,0.47875772437929587
1551,3,6,1,0,0.0
1552,3,6,1,1,0.0
1553,3,6,1,2,0.0
1554,3,6,1,3,0.0
1555,3,6,1,4,0.0
1556,3,6,1,5,0.0
1557,3,6,1,6,0.29671749304621586
1558,3,6,1,7,0.08538846552259699
1559,3,6,1,8,0.09199598598485825
1560,3,6,1,9,0.09366586229200707
1561,3,6,1,10,0.4322321931543218
1562,3,6,2,0,0.0
1563,3,6,2,1,0.0
1564,3,6,2,2,0.0
1565,3,6,2,3,0.0
1566,3,6,2,4,0.0
1567,3,6,2,5,0.0
1568,3,6,2,6,0.26045814200091855
1569,3,6,2,7,0.06270325614886807
1570,3,6,2,8,0.06858790877697984
1571,3,6,2,9,0.07242839599282352
1572,3,6,2,10,0.5358222970804101
1573,3,6,3,0,0.0
1574,3,6,3,1,0.0
1575,3,6,3,2,0.0
1576,3,6,3,3,0.0
1577,3,6,3,4,0.0
1578,3,6,3,5,0.0
1579,3,6,3,6,0.2519900375932164
1580,3,6,3,7,0.04745288285850452
1581,3,6,3,8,0.0515144231569763
1582,3,6,3,9,0.05471362921023398
1583,3,6,3,10,0.5943290271810688
1584,3,6,4,0,0.0
1585,3,6,4,1,0.0
1586,3,6,4,2,0.0
1587,3,6,4,3,0.0
1588,3,6,4,4,0.0
1589,3,6,4,5,0.0
1590,3,6,4,6,0.2697521371540952
1591,3,6,4,7,0.037279006987409435
1592,3,6,4,8,0.03971741216998914
1593,3,6,4,9,0.041752012648469394
1594,3,6,4,10,0.6114994310400368
1595,3,7,0,0,0.0
1596,3,7,0,1,0.0
1597,3,7,0,2,0.0
1598,3,7,0,3,0.0
1599,3,7,0,4,0.0
1600,3,7,0,5,0.0
1601,3,7,0,6,0.0
1602,3,7,0,7,0.2267752024802442
1603,3,7,0,8,0.10200100846212501
1604,3,7,0,9,0.1179026334070038
1605,3,7,0,10,0.553321155650627
1606,3,7,1,0,0.0
1607,3,7,1,1,0.0
1608,3,7,1,2,0.0
1609,3,7,1,3,0.0
1610,3,7,1,4,0.0
1611,3,7,1,5,0.0
1612,3,7,1,6,0.0
1613,3,7,1,7,0.3107310775971408
1614,3,7,1,8,0.09074626457138169
1615,3,7,1,9,0.09691308552761735
1616,3,7,1,10,0.5016095723038602
1617,3,7,2,0,0.0
1618,3,7,2,1,0.0
1619,3,7,2,2,0.0
1620,3,7,2,3,0.0
1621,3,7,2,4,0.0
1622,3,7,2,5,0.0
1623,3,7,2,6,0.0
1624,3,7,2,7,0.27746304716770576
1625,3,7,2,8,0.06796403048090288
1626,3,7,2,9,0.07383290045402968
1627,3,7,2,10,0.5807400218973617
1628,3,7,3,0,0.0
1629,3,7,3,1,0.0
1630,3,7,3,2,0.0
1631,3,7,3,3,0.0
1632,3,7,3,4,0.0
1633,3,7,3,5,0.0
1634,3,7,3,6,0.0
1635,3,7,3,7,0.26129672106319246
1636,3,7,3,8,0.05065922996764638
1637,3,7,3,9,0.05495994782718061
1638,3,7,3,10,0.6330841011419805
1639,3,7,4,0,0.0
1640,3,7,4,1,0.0
1641,3,7,4,2,0.0
1642,3,7,4,3,0.0
1643,3,7,4,4,0.0
1644,3,7,4,5,0.0
1645,3,7,4,6,0.0
1646,3,7,4,7,0.2695275335234896
1647,3,7,4,8,0.038467062867093726
1648,3,7,4,9,0.041106719248265866
1649,3,7,4,10,0.6508986843611508
1650,3,8,0,0,0.0
1651,3,8,0,1,0.0
1652,3,8,0,2,0.0
1653,3,8,0,3,0.0
1654,3,8,0,4,0.0
1655,3,8,0,5,0.0
1656,3,8,0,6,0.0
1657,3,8,0,7,0.0
1658,3,8,0,8,0.24729924628723024
1659,3,8,0,9,0.1101057034365732
1660,3,8,0,10,0.6425950502761966
1661,3,8,1,0,0.0
1662,3,8,1,1,0.0
1663,3,8,1,2,0.0
1664,3,8,1,3,0.0
1665,3,8,1,4,0.0
1666,3,8,1,5,0.0
1667,3,8,1,6,0.0
1668,3,8,1,7,0.0
1669,3,8,1,8,0.3158080483753884
1670,3,8,1,9,0.09627459760967161
1671,3,8,1,10,0.58791735401494
1672,3,8,2,0,0.0
1673,3,8,2,1,0.0
1674,3,8,2,2,0.0
1675,3,8,2,3,0.0
1676,3,8,2,4,0.0
1677,3,8,2,5,0.0
1678,3,8,2,6,0.0
1679,3,8,2,7,0.0
1680,3,8,2,8,0.29795325161411695
1681,3,8,2,9,0.07375423482959226
1682,3,8,2,10,0.6282925135562908
1683,3,8,3,0,0.0
1684,3,8,3,1,0.0
1685,3,8,3,2,0.0
1686,3,8,3,3,0.0
1687,3,8,3,4,0.0
1688,3,8,3,5,0.0
1689,3,8,3,6,0.0
1690,3,8,3,7,0.0
1691,3,8,3,8,0.273881641728913
1692,3,8,3,9,0.053519868073698296
1693,3,8,3,10,0.6725984901973887
1694,3,8,4,0,0.0
1695,3,8,4,1,0.0
1696,3,8,4,2,0.0
1697,3,8,4,3,0.0
1698,3,8,4,4,0.0
1699,3,8,4,5,0.0
1700,3,8,4,6,0.0
1701,3,8,4,7,0.0
1702,3,8,4,8,0.2753527538287581
1703,3,8,4,9,0.039323314461258974
1704,3,8,4,10,0.6853239317099828
1705,3,9,0,0,0.0
1706,3,9,0,1,0.0
1707,3,9,0,2,0.0
1708,3,9,0,3,0.0
1709,3,9,0,4,0.0
1710,3,9,0,5,0.0
1711,3,9,0,6,0.0
1712,3,9,0,7,0.0
1713,3,9,0,8,0.0
1714,3,9,0,9,0.28985108464637266
1715,3,9,0,10,0.7101489153536273
1716,3,9,1,0,0.0
1717,3,9,1,1,0.0
1718,3,9,1,2,0.0
1719,3,9,1,3,0.0
1720,3,9,1,4,0.0
1721,3,9,1,5,0.0
1722,3,9,1,6,0.0
1723,3,9,1,7,0.0
1724,3,9,1,8,0.0
1725,3,9,1,9,0.3494447469969088
1726,3,9,1,10,0.6505552530030911
1727,3,9,2,0,0.0
1728,3,9,2,1,0.0
1729,3,9,2,2,0.0
1730,3,9,2,3,0.0
1731,3,9,2,4,0.0
1732,3,9,2,5,0.0
1733,3,9,2,6,0.0
1734,3,9,2,7,0.0
1735,3,9,2,8,0.0
1736,3,9,2,9,0.30507448928034303
1737,3,9,2,10,0.694925510719657
1738,3,9,3,0,0.0
1739,3,9,3,1,0.0
1740,3,9,3,2,0.0
1741,3,9,3,3,0.0
1742,3,9,3,4,0.0
1743,3,9,3,5,0.0
1744,3,9,3,6,0.0
1745,3,9,3,7,0.0
1746,3,9,3,8,0.0
1747,3,9,3,9,0.270580181573711
1748,3,9,3,10,0.729419818426289
1749,3,9,4,0,0.0
1750,3,9,4,1,0.0
1751,3,9,4,2,0.0
1752,3,9,4,3,0.0
1753,3,9,4,4,0.0
1754,3,9,4,5,0.0
1755,3,9,4,6,0.0
1756,3,9,4,7,0.0
1757,3,9,4,8,0.0
1758,3,9,4,9,0.26335533616416373
1759,3,9,4,10,0.7366446638358363
1760,3,10,0,0,0.0
1761,3,10,0,1,0.0
1762,3,10,0,2,0.0
1763,3,10,0,3,0.0
1764,3,10,0,4,0.0
1765,3,10,0,5,0.0
1766,3,10,0,6,0.0
1767,3,10,0,7,0.0
1768,3,10,0,8,0.0
1769,3,10,0,9,0.0
1770,3,10,0,10,1.0
1771,3,10,1,0,0.0
1772,3,10,1,1,0.0
1773,3,10,1,2,0.0
1774,3,10,1,3,0.0
1775,3,10,1,4,0.0
1776,3,10,1,5,0.0
1777,3,10,1,6,0.0
1778,3,10,1,7,0.0
1779,3,10,1,8,0.0
1780,3,10,1,9,0.0
1781,3,10,1,10,1.0
1782,3,10,2,0,0.0
1783,3,10,2,1,0.0
1784,3,10,2,2,0.0
1785,3,10,2,3,0.0
1786,3,10,2,4,0.0
1787,3,10,2,5,0.0
1788,3,10,2,6,0.0
1789,3,10,2,7,0.0
1790,3,10,2,8,0.0
1791,3,10,2,9,0.0
1792,3,10,2,10,1.0
1793,3,10,3,0,0.0
1794,3,10,3,1,0.0
1795,3,10,3,2,0.0
1796,3,10,3,3,0.0
1797,3,10,3,4,0.0
1798,3,10,3,5,0.0
1799,3,10,3,6,0.0
1800,3,10,3,7,0.0
1801,3,10,3,8,0.0
1802,3,10,3,9,0.0
1803,3,10,3,10,1.0
1804,3,10,4,0,0.0
1805,3,10,4,1,0.0
1806,3,10,4,2,0.0
1807,3,10,4,3,0.0
1808,3,10,4,4,0.0
1809,3,10,4,5,0.0
1810,3,10,4,6,0.0
1811,3,10,4,7,0.0
1812,3,10,4,8,0.0
1813,3,10,4,9,0.0
1814,3,10,4,10,1.0
